depth,latitude,longitude,time,so
1.0182366,34.604168,33.0,2025-10-11,
1.0182366,34.604168,33.0,2025-10-12,
1.0182366,34.604168,33.0,2025-10-13,
1.0182366,34.604168,33.0,2025-10-14,
1.0182366,34.604168,33.0,2025-10-15,
1.0182366,34.604168,33.0,2025-10-16,
1.0182366,34.604168,33.0,2025-10-17,
1.0182366,34.604168,33.0,2025-10-18,
1.0182366,34.604168,33.0,2025-10-19,
1.0182366,34.604168,33.0,2025-10-20,
1.0182366,34.604168,33.0,2025-10-21,
1.0182366,34.604168,33.0,2025-10-22,
1.0182366,34.604168,33.0,2025-10-23,
1.0182366,34.604168,33.0,2025-10-24,
1.0182366,34.604168,33.0,2025-10-25,
1.0182366,34.604168,33.0,2025-10-26,
1.0182366,34.604168,33.0,2025-10-27,
1.0182366,34.604168,33.0,2025-10-28,
1.0182366,34.604168,33.0,2025-10-29,
1.0182366,34.604168,33.0,2025-10-30,
1.0182366,34.604168,33.0,2025-10-31,
1.0182366,34.604168,33.0,2025-11-01,
1.0182366,34.604168,33.0,2025-11-02,
1.0182366,34.604168,33.0,2025-11-03,
1.0182366,34.604168,33.0,2025-11-04,
1.0182366,34.604168,33.0,2025-11-05,
1.0182366,34.604168,33.0,2025-11-06,
1.0182366,34.604168,33.0,2025-11-07,
1.0182366,34.604168,33.0,2025-11-08,
1.0182366,34.604168,33.0,2025-11-09,
1.0182366,34.604168,33.0,2025-11-10,
1.0182366,34.604168,33.041668,2025-10-11,
1.0182366,34.604168,33.041668,2025-10-12,
1.0182366,34.604168,33.041668,2025-10-13,
1.0182366,34.604168,33.041668,2025-10-14,
1.0182366,34.604168,33.041668,2025-10-15,
1.0182366,34.604168,33.041668,2025-10-16,
1.0182366,34.604168,33.041668,2025-10-17,
1.0182366,34.604168,33.041668,2025-10-18,
1.0182366,34.604168,33.041668,2025-10-19,
1.0182366,34.604168,33.041668,2025-10-20,
1.0182366,34.604168,33.041668,2025-10-21,
1.0182366,34.604168,33.041668,2025-10-22,
1.0182366,34.604168,33.041668,2025-10-23,
1.0182366,34.604168,33.041668,2025-10-24,
1.0182366,34.604168,33.041668,2025-10-25,
1.0182366,34.604168,33.041668,2025-10-26,
1.0182366,34.604168,33.041668,2025-10-27,
1.0182366,34.604168,33.041668,2025-10-28,
1.0182366,34.604168,33.041668,2025-10-29,
1.0182366,34.604168,33.041668,2025-10-30,
1.0182366,34.604168,33.041668,2025-10-31,
1.0182366,34.604168,33.041668,2025-11-01,
1.0182366,34.604168,33.041668,2025-11-02,
1.0182366,34.604168,33.041668,2025-11-03,
1.0182366,34.604168,33.041668,2025-11-04,
1.0182366,34.604168,33.041668,2025-11-05,
1.0182366,34.604168,33.041668,2025-11-06,
1.0182366,34.604168,33.041668,2025-11-07,
1.0182366,34.604168,33.041668,2025-11-08,
1.0182366,34.604168,33.041668,2025-11-09,
1.0182366,34.604168,33.041668,2025-11-10,
1.0182366,34.604168,33.083332,2025-10-11,39.60148
1.0182366,34.604168,33.083332,2025-10-12,39.61682
1.0182366,34.604168,33.083332,2025-10-13,39.653122
1.0182366,34.604168,33.083332,2025-10-14,39.667885
1.0182366,34.604168,33.083332,2025-10-15,39.673073
1.0182366,34.604168,33.083332,2025-10-16,39.67671
1.0182366,34.604168,33.083332,2025-10-17,39.67799
1.0182366,34.604168,33.083332,2025-10-18,39.677742
1.0182366,34.604168,33.083332,2025-10-19,39.680656
1.0182366,34.604168,33.083332,2025-10-20,39.683887
1.0182366,34.604168,33.083332,2025-10-21,39.692898
1.0182366,34.604168,33.083332,2025-10-22,39.701252
1.0182366,34.604168,33.083332,2025-10-23,39.735256
1.0182366,34.604168,33.083332,2025-10-24,39.76108
1.0182366,34.604168,33.083332,2025-10-25,39.759605
1.0182366,34.604168,33.083332,2025-10-26,39.736687
1.0182366,34.604168,33.083332,2025-10-27,39.73118
1.0182366,34.604168,33.083332,2025-10-28,39.74608
1.0182366,34.604168,33.083332,2025-10-29,39.76805
1.0182366,34.604168,33.083332,2025-10-30,39.772945
1.0182366,34.604168,33.083332,2025-10-31,39.760906
1.0182366,34.604168,33.083332,2025-11-01,39.744987
1.0182366,34.604168,33.083332,2025-11-02,39.732475
1.0182366,34.604168,33.083332,2025-11-03,39.735706
1.0182366,34.604168,33.083332,2025-11-04,39.733204
1.0182366,34.604168,33.083332,2025-11-05,39.728855
1.0182366,34.604168,33.083332,2025-11-06,39.723965
1.0182366,34.604168,33.083332,2025-11-07,39.72129
1.0182366,34.604168,33.083332,2025-11-08,39.724224
1.0182366,34.604168,33.083332,2025-11-09,39.7275
1.0182366,34.604168,33.083332,2025-11-10,39.727184
1.0182366,34.604168,33.125,2025-10-11,39.622738
1.0182366,34.604168,33.125,2025-10-12,39.641563
1.0182366,34.604168,33.125,2025-10-13,39.66129
1.0182366,34.604168,33.125,2025-10-14,39.676888
1.0182366,34.604168,33.125,2025-10-15,39.683636
1.0182366,34.604168,33.125,2025-10-16,39.68413
1.0182366,34.604168,33.125,2025-10-17,39.682743
1.0182366,34.604168,33.125,2025-10-18,39.68339
1.0182366,34.604168,33.125,2025-10-19,39.688816
1.0182366,34.604168,33.125,2025-10-20,39.693787
1.0182366,34.604168,33.125,2025-10-21,39.704124
1.0182366,34.604168,33.125,2025-10-22,39.715736
1.0182366,34.604168,33.125,2025-10-23,39.753483
1.0182366,34.604168,33.125,2025-10-24,39.770386
1.0182366,34.604168,33.125,2025-10-25,39.770187
1.0182366,34.604168,33.125,2025-10-26,39.743046
1.0182366,34.604168,33.125,2025-10-27,39.74028
1.0182366,34.604168,33.125,2025-10-28,39.76624
1.0182366,34.604168,33.125,2025-10-29,39.77701
1.0182366,34.604168,33.125,2025-10-30,39.76802
1.0182366,34.604168,33.125,2025-10-31,39.742275
1.0182366,34.604168,33.125,2025-11-01,39.723083
1.0182366,34.604168,33.125,2025-11-02,39.714046
1.0182366,34.604168,33.125,2025-11-03,39.72193
1.0182366,34.604168,33.125,2025-11-04,39.722572
1.0182366,34.604168,33.125,2025-11-05,39.719444
1.0182366,34.604168,33.125,2025-11-06,39.717728
1.0182366,34.604168,33.125,2025-11-07,39.719067
1.0182366,34.604168,33.125,2025-11-08,39.724293
1.0182366,34.604168,33.125,2025-11-09,39.72492
1.0182366,34.604168,33.125,2025-11-10,39.72173
1.0182366,34.604168,33.166668,2025-10-11,39.643383
1.0182366,34.604168,33.166668,2025-10-12,39.649418
1.0182366,34.604168,33.166668,2025-10-13,39.649216
1.0182366,34.604168,33.166668,2025-10-14,39.67705
1.0182366,34.604168,33.166668,2025-10-15,39.690914
1.0182366,34.604168,33.166668,2025-10-16,39.693504
1.0182366,34.604168,33.166668,2025-10-17,39.694447
1.0182366,34.604168,33.166668,2025-10-18,39.6973
1.0182366,34.604168,33.166668,2025-10-19,39.702915
1.0182366,34.604168,33.166668,2025-10-20,39.706482
1.0182366,34.604168,33.166668,2025-10-21,39.71785
1.0182366,34.604168,33.166668,2025-10-22,39.728123
1.0182366,34.604168,33.166668,2025-10-23,39.762184
1.0182366,34.604168,33.166668,2025-10-24,39.77668
1.0182366,34.604168,33.166668,2025-10-25,39.778065
1.0182366,34.604168,33.166668,2025-10-26,39.754524
1.0182366,34.604168,33.166668,2025-10-27,39.754856
1.0182366,34.604168,33.166668,2025-10-28,39.773434
1.0182366,34.604168,33.166668,2025-10-29,39.77569
1.0182366,34.604168,33.166668,2025-10-30,39.75983
1.0182366,34.604168,33.166668,2025-10-31,39.73299
1.0182366,34.604168,33.166668,2025-11-01,39.71606
1.0182366,34.604168,33.166668,2025-11-02,39.709892
1.0182366,34.604168,33.166668,2025-11-03,39.720688
1.0182366,34.604168,33.166668,2025-11-04,39.72165
1.0182366,34.604168,33.166668,2025-11-05,39.719124
1.0182366,34.604168,33.166668,2025-11-06,39.7196
1.0182366,34.604168,33.166668,2025-11-07,39.71803
1.0182366,34.604168,33.166668,2025-11-08,39.71592
1.0182366,34.604168,33.166668,2025-11-09,39.714058
1.0182366,34.604168,33.166668,2025-11-10,39.70958
1.0182366,34.645832,33.0,2025-10-11,
1.0182366,34.645832,33.0,2025-10-12,
1.0182366,34.645832,33.0,2025-10-13,
1.0182366,34.645832,33.0,2025-10-14,
1.0182366,34.645832,33.0,2025-10-15,
1.0182366,34.645832,33.0,2025-10-16,
1.0182366,34.645832,33.0,2025-10-17,
1.0182366,34.645832,33.0,2025-10-18,
1.0182366,34.645832,33.0,2025-10-19,
1.0182366,34.645832,33.0,2025-10-20,
1.0182366,34.645832,33.0,2025-10-21,
1.0182366,34.645832,33.0,2025-10-22,
1.0182366,34.645832,33.0,2025-10-23,
1.0182366,34.645832,33.0,2025-10-24,
1.0182366,34.645832,33.0,2025-10-25,
1.0182366,34.645832,33.0,2025-10-26,
1.0182366,34.645832,33.0,2025-10-27,
1.0182366,34.645832,33.0,2025-10-28,
1.0182366,34.645832,33.0,2025-10-29,
1.0182366,34.645832,33.0,2025-10-30,
1.0182366,34.645832,33.0,2025-10-31,
1.0182366,34.645832,33.0,2025-11-01,
1.0182366,34.645832,33.0,2025-11-02,
1.0182366,34.645832,33.0,2025-11-03,
1.0182366,34.645832,33.0,2025-11-04,
1.0182366,34.645832,33.0,2025-11-05,
1.0182366,34.645832,33.0,2025-11-06,
1.0182366,34.645832,33.0,2025-11-07,
1.0182366,34.645832,33.0,2025-11-08,
1.0182366,34.645832,33.0,2025-11-09,
1.0182366,34.645832,33.0,2025-11-10,
1.0182366,34.645832,33.041668,2025-10-11,
1.0182366,34.645832,33.041668,2025-10-12,
1.0182366,34.645832,33.041668,2025-10-13,
1.0182366,34.645832,33.041668,2025-10-14,
1.0182366,34.645832,33.041668,2025-10-15,
1.0182366,34.645832,33.041668,2025-10-16,
1.0182366,34.645832,33.041668,2025-10-17,
1.0182366,34.645832,33.041668,2025-10-18,
1.0182366,34.645832,33.041668,2025-10-19,
1.0182366,34.645832,33.041668,2025-10-20,
1.0182366,34.645832,33.041668,2025-10-21,
1.0182366,34.645832,33.041668,2025-10-22,
1.0182366,34.645832,33.041668,2025-10-23,
1.0182366,34.645832,33.041668,2025-10-24,
1.0182366,34.645832,33.041668,2025-10-25,
1.0182366,34.645832,33.041668,2025-10-26,
1.0182366,34.645832,33.041668,2025-10-27,
1.0182366,34.645832,33.041668,2025-10-28,
1.0182366,34.645832,33.041668,2025-10-29,
1.0182366,34.645832,33.041668,2025-10-30,
1.0182366,34.645832,33.041668,2025-10-31,
1.0182366,34.645832,33.041668,2025-11-01,
1.0182366,34.645832,33.041668,2025-11-02,
1.0182366,34.645832,33.041668,2025-11-03,
1.0182366,34.645832,33.041668,2025-11-04,
1.0182366,34.645832,33.041668,2025-11-05,
1.0182366,34.645832,33.041668,2025-11-06,
1.0182366,34.645832,33.041668,2025-11-07,
1.0182366,34.645832,33.041668,2025-11-08,
1.0182366,34.645832,33.041668,2025-11-09,
1.0182366,34.645832,33.041668,2025-11-10,
1.0182366,34.645832,33.083332,2025-10-11,39.59675
1.0182366,34.645832,33.083332,2025-10-12,39.61661
1.0182366,34.645832,33.083332,2025-10-13,39.655106
1.0182366,34.645832,33.083332,2025-10-14,39.668095
1.0182366,34.645832,33.083332,2025-10-15,39.67387
1.0182366,34.645832,33.083332,2025-10-16,39.67805
1.0182366,34.645832,33.083332,2025-10-17,39.677834
1.0182366,34.645832,33.083332,2025-10-18,39.67813
1.0182366,34.645832,33.083332,2025-10-19,39.681763
1.0182366,34.645832,33.083332,2025-10-20,39.68569
1.0182366,34.645832,33.083332,2025-10-21,39.69175
1.0182366,34.645832,33.083332,2025-10-22,39.70011
1.0182366,34.645832,33.083332,2025-10-23,39.73426
1.0182366,34.645832,33.083332,2025-10-24,39.758007
1.0182366,34.645832,33.083332,2025-10-25,39.75265
1.0182366,34.645832,33.083332,2025-10-26,39.73488
1.0182366,34.645832,33.083332,2025-10-27,39.732086
1.0182366,34.645832,33.083332,2025-10-28,39.743126
1.0182366,34.645832,33.083332,2025-10-29,39.76602
1.0182366,34.645832,33.083332,2025-10-30,39.774315
1.0182366,34.645832,33.083332,2025-10-31,39.767525
1.0182366,34.645832,33.083332,2025-11-01,39.75878
1.0182366,34.645832,33.083332,2025-11-02,39.74456
1.0182366,34.645832,33.083332,2025-11-03,39.74384
1.0182366,34.645832,33.083332,2025-11-04,39.741516
1.0182366,34.645832,33.083332,2025-11-05,39.735786
1.0182366,34.645832,33.083332,2025-11-06,39.729317
1.0182366,34.645832,33.083332,2025-11-07,39.72176
1.0182366,34.645832,33.083332,2025-11-08,39.72098
1.0182366,34.645832,33.083332,2025-11-09,39.722305
1.0182366,34.645832,33.083332,2025-11-10,39.723392
1.0182366,34.645832,33.125,2025-10-11,39.601864
1.0182366,34.645832,33.125,2025-10-12,39.643562
1.0182366,34.645832,33.125,2025-10-13,39.673878
1.0182366,34.645832,33.125,2025-10-14,39.681942
1.0182366,34.645832,33.125,2025-10-15,39.68706
1.0182366,34.645832,33.125,2025-10-16,39.68689
1.0182366,34.645832,33.125,2025-10-17,39.684353
1.0182366,34.645832,33.125,2025-10-18,39.684586
1.0182366,34.645832,33.125,2025-10-19,39.68908
1.0182366,34.645832,33.125,2025-10-20,39.69476
1.0182366,34.645832,33.125,2025-10-21,39.6995
1.0182366,34.645832,33.125,2025-10-22,39.713146
1.0182366,34.645832,33.125,2025-10-23,39.752426
1.0182366,34.645832,33.125,2025-10-24,39.765095
1.0182366,34.645832,33.125,2025-10-25,39.760406
1.0182366,34.645832,33.125,2025-10-26,39.74032
1.0182366,34.645832,33.125,2025-10-27,39.738518
1.0182366,34.645832,33.125,2025-10-28,39.762413
1.0182366,34.645832,33.125,2025-10-29,39.77827
1.0182366,34.645832,33.125,2025-10-30,39.770264
1.0182366,34.645832,33.125,2025-10-31,39.74864
1.0182366,34.645832,33.125,2025-11-01,39.735657
1.0182366,34.645832,33.125,2025-11-02,39.72601
1.0182366,34.645832,33.125,2025-11-03,39.731247
1.0182366,34.645832,33.125,2025-11-04,39.73094
1.0182366,34.645832,33.125,2025-11-05,39.721245
1.0182366,34.645832,33.125,2025-11-06,39.71502
1.0182366,34.645832,33.125,2025-11-07,39.7162
1.0182366,34.645832,33.125,2025-11-08,39.72065
1.0182366,34.645832,33.125,2025-11-09,39.7238
1.0182366,34.645832,33.125,2025-11-10,39.72415
1.0182366,34.645832,33.166668,2025-10-11,39.62929
1.0182366,34.645832,33.166668,2025-10-12,39.661686
1.0182366,34.645832,33.166668,2025-10-13,39.6818
1.0182366,34.645832,33.166668,2025-10-14,39.69358
1.0182366,34.645832,33.166668,2025-10-15,39.697357
1.0182366,34.645832,33.166668,2025-10-16,39.695633
1.0182366,34.645832,33.166668,2025-10-17,39.694317
1.0182366,34.645832,33.166668,2025-10-18,39.693844
1.0182366,34.645832,33.166668,2025-10-19,39.697758
1.0182366,34.645832,33.166668,2025-10-20,39.70826
1.0182366,34.645832,33.166668,2025-10-21,39.71084
1.0182366,34.645832,33.166668,2025-10-22,39.728474
1.0182366,34.645832,33.166668,2025-10-23,39.76237
1.0182366,34.645832,33.166668,2025-10-24,39.771576
1.0182366,34.645832,33.166668,2025-10-25,39.768204
1.0182366,34.645832,33.166668,2025-10-26,39.745686
1.0182366,34.645832,33.166668,2025-10-27,39.746754
1.0182366,34.645832,33.166668,2025-10-28,39.777714
1.0182366,34.645832,33.166668,2025-10-29,39.781998
1.0182366,34.645832,33.166668,2025-10-30,39.758686
1.0182366,34.645832,33.166668,2025-10-31,39.729908
1.0182366,34.645832,33.166668,2025-11-01,39.71629
1.0182366,34.645832,33.166668,2025-11-02,39.709885
1.0182366,34.645832,33.166668,2025-11-03,39.71885
1.0182366,34.645832,33.166668,2025-11-04,39.71361
1.0182366,34.645832,33.166668,2025-11-05,39.701294
1.0182366,34.645832,33.166668,2025-11-06,39.700535
1.0182366,34.645832,33.166668,2025-11-07,39.70659
1.0182366,34.645832,33.166668,2025-11-08,39.714314
1.0182366,34.645832,33.166668,2025-11-09,39.71861
1.0182366,34.645832,33.166668,2025-11-10,39.717384
1.0182366,34.6875,33.0,2025-10-11,
1.0182366,34.6875,33.0,2025-10-12,
1.0182366,34.6875,33.0,2025-10-13,
1.0182366,34.6875,33.0,2025-10-14,
1.0182366,34.6875,33.0,2025-10-15,
1.0182366,34.6875,33.0,2025-10-16,
1.0182366,34.6875,33.0,2025-10-17,
1.0182366,34.6875,33.0,2025-10-18,
1.0182366,34.6875,33.0,2025-10-19,
1.0182366,34.6875,33.0,2025-10-20,
1.0182366,34.6875,33.0,2025-10-21,
1.0182366,34.6875,33.0,2025-10-22,
1.0182366,34.6875,33.0,2025-10-23,
1.0182366,34.6875,33.0,2025-10-24,
1.0182366,34.6875,33.0,2025-10-25,
1.0182366,34.6875,33.0,2025-10-26,
1.0182366,34.6875,33.0,2025-10-27,
1.0182366,34.6875,33.0,2025-10-28,
1.0182366,34.6875,33.0,2025-10-29,
1.0182366,34.6875,33.0,2025-10-30,
1.0182366,34.6875,33.0,2025-10-31,
1.0182366,34.6875,33.0,2025-11-01,
1.0182366,34.6875,33.0,2025-11-02,
1.0182366,34.6875,33.0,2025-11-03,
1.0182366,34.6875,33.0,2025-11-04,
1.0182366,34.6875,33.0,2025-11-05,
1.0182366,34.6875,33.0,2025-11-06,
1.0182366,34.6875,33.0,2025-11-07,
1.0182366,34.6875,33.0,2025-11-08,
1.0182366,34.6875,33.0,2025-11-09,
1.0182366,34.6875,33.0,2025-11-10,
1.0182366,34.6875,33.041668,2025-10-11,
1.0182366,34.6875,33.041668,2025-10-12,
1.0182366,34.6875,33.041668,2025-10-13,
1.0182366,34.6875,33.041668,2025-10-14,
1.0182366,34.6875,33.041668,2025-10-15,
1.0182366,34.6875,33.041668,2025-10-16,
1.0182366,34.6875,33.041668,2025-10-17,
1.0182366,34.6875,33.041668,2025-10-18,
1.0182366,34.6875,33.041668,2025-10-19,
1.0182366,34.6875,33.041668,2025-10-20,
1.0182366,34.6875,33.041668,2025-10-21,
1.0182366,34.6875,33.041668,2025-10-22,
1.0182366,34.6875,33.041668,2025-10-23,
1.0182366,34.6875,33.041668,2025-10-24,
1.0182366,34.6875,33.041668,2025-10-25,
1.0182366,34.6875,33.041668,2025-10-26,
1.0182366,34.6875,33.041668,2025-10-27,
1.0182366,34.6875,33.041668,2025-10-28,
1.0182366,34.6875,33.041668,2025-10-29,
1.0182366,34.6875,33.041668,2025-10-30,
1.0182366,34.6875,33.041668,2025-10-31,
1.0182366,34.6875,33.041668,2025-11-01,
1.0182366,34.6875,33.041668,2025-11-02,
1.0182366,34.6875,33.041668,2025-11-03,
1.0182366,34.6875,33.041668,2025-11-04,
1.0182366,34.6875,33.041668,2025-11-05,
1.0182366,34.6875,33.041668,2025-11-06,
1.0182366,34.6875,33.041668,2025-11-07,
1.0182366,34.6875,33.041668,2025-11-08,
1.0182366,34.6875,33.041668,2025-11-09,
1.0182366,34.6875,33.041668,2025-11-10,
1.0182366,34.6875,33.083332,2025-10-11,
1.0182366,34.6875,33.083332,2025-10-12,
1.0182366,34.6875,33.083332,2025-10-13,
1.0182366,34.6875,33.083332,2025-10-14,
1.0182366,34.6875,33.083332,2025-10-15,
1.0182366,34.6875,33.083332,2025-10-16,
1.0182366,34.6875,33.083332,2025-10-17,
1.0182366,34.6875,33.083332,2025-10-18,
1.0182366,34.6875,33.083332,2025-10-19,
1.0182366,34.6875,33.083332,2025-10-20,
1.0182366,34.6875,33.083332,2025-10-21,
1.0182366,34.6875,33.083332,2025-10-22,
1.0182366,34.6875,33.083332,2025-10-23,
1.0182366,34.6875,33.083332,2025-10-24,
1.0182366,34.6875,33.083332,2025-10-25,
1.0182366,34.6875,33.083332,2025-10-26,
1.0182366,34.6875,33.083332,2025-10-27,
1.0182366,34.6875,33.083332,2025-10-28,
1.0182366,34.6875,33.083332,2025-10-29,
1.0182366,34.6875,33.083332,2025-10-30,
1.0182366,34.6875,33.083332,2025-10-31,
1.0182366,34.6875,33.083332,2025-11-01,
1.0182366,34.6875,33.083332,2025-11-02,
1.0182366,34.6875,33.083332,2025-11-03,
1.0182366,34.6875,33.083332,2025-11-04,
1.0182366,34.6875,33.083332,2025-11-05,
1.0182366,34.6875,33.083332,2025-11-06,
1.0182366,34.6875,33.083332,2025-11-07,
1.0182366,34.6875,33.083332,2025-11-08,
1.0182366,34.6875,33.083332,2025-11-09,
1.0182366,34.6875,33.083332,2025-11-10,
1.0182366,34.6875,33.125,2025-10-11,39.59424
1.0182366,34.6875,33.125,2025-10-12,39.63328
1.0182366,34.6875,33.125,2025-10-13,39.6653
1.0182366,34.6875,33.125,2025-10-14,39.67782
1.0182366,34.6875,33.125,2025-10-15,39.68318
1.0182366,34.6875,33.125,2025-10-16,39.686142
1.0182366,34.6875,33.125,2025-10-17,39.687435
1.0182366,34.6875,33.125,2025-10-18,39.686127
1.0182366,34.6875,33.125,2025-10-19,39.688263
1.0182366,34.6875,33.125,2025-10-20,39.69021
1.0182366,34.6875,33.125,2025-10-21,39.690582
1.0182366,34.6875,33.125,2025-10-22,39.701412
1.0182366,34.6875,33.125,2025-10-23,39.740433
1.0182366,34.6875,33.125,2025-10-24,39.760536
1.0182366,34.6875,33.125,2025-10-25,39.760002
1.0182366,34.6875,33.125,2025-10-26,39.747997
1.0182366,34.6875,33.125,2025-10-27,39.742348
1.0182366,34.6875,33.125,2025-10-28,39.751057
1.0182366,34.6875,33.125,2025-10-29,39.77039
1.0182366,34.6875,33.125,2025-10-30,39.774403
1.0182366,34.6875,33.125,2025-10-31,39.77399
1.0182366,34.6875,33.125,2025-11-01,39.77132
1.0182366,34.6875,33.125,2025-11-02,39.755585
1.0182366,34.6875,33.125,2025-11-03,39.756973
1.0182366,34.6875,33.125,2025-11-04,39.754723
1.0182366,34.6875,33.125,2025-11-05,39.743496
1.0182366,34.6875,33.125,2025-11-06,39.736847
1.0182366,34.6875,33.125,2025-11-07,39.728477
1.0182366,34.6875,33.125,2025-11-08,39.726807
1.0182366,34.6875,33.125,2025-11-09,39.726078
1.0182366,34.6875,33.125,2025-11-10,39.726036
1.0182366,34.6875,33.166668,2025-10-11,39.61729
1.0182366,34.6875,33.166668,2025-10-12,39.658516
1.0182366,34.6875,33.166668,2025-10-13,39.683517
1.0182366,34.6875,33.166668,2025-10-14,39.68885
1.0182366,34.6875,33.166668,2025-10-15,39.69091
1.0182366,34.6875,33.166668,2025-10-16,39.690445
1.0182366,34.6875,33.166668,2025-10-17,39.691296
1.0182366,34.6875,33.166668,2025-10-18,39.68998
1.0182366,34.6875,33.166668,2025-10-19,39.695026
1.0182366,34.6875,33.166668,2025-10-20,39.703167
1.0182366,34.6875,33.166668,2025-10-21,39.700157
1.0182366,34.6875,33.166668,2025-10-22,39.719177
1.0182366,34.6875,33.166668,2025-10-23,39.75317
1.0182366,34.6875,33.166668,2025-10-24,39.763184
1.0182366,34.6875,33.166668,2025-10-25,39.759907
1.0182366,34.6875,33.166668,2025-10-26,39.745564
1.0182366,34.6875,33.166668,2025-10-27,39.740795
1.0182366,34.6875,33.166668,2025-10-28,39.769115
1.0182366,34.6875,33.166668,2025-10-29,39.77843
1.0182366,34.6875,33.166668,2025-10-30,39.772457
1.0182366,34.6875,33.166668,2025-10-31,39.76171
1.0182366,34.6875,33.166668,2025-11-01,39.756996
1.0182366,34.6875,33.166668,2025-11-02,39.74783
1.0182366,34.6875,33.166668,2025-11-03,39.747883
1.0182366,34.6875,33.166668,2025-11-04,39.730408
1.0182366,34.6875,33.166668,2025-11-05,39.712444
1.0182366,34.6875,33.166668,2025-11-06,39.71143
1.0182366,34.6875,33.166668,2025-11-07,39.713604
1.0182366,34.6875,33.166668,2025-11-08,39.71885
1.0182366,34.6875,33.166668,2025-11-09,39.720943
1.0182366,34.6875,33.166668,2025-11-10,39.71961
1.0182366,34.729168,33.0,2025-10-11,
1.0182366,34.729168,33.0,2025-10-12,
1.0182366,34.729168,33.0,2025-10-13,
1.0182366,34.729168,33.0,2025-10-14,
1.0182366,34.729168,33.0,2025-10-15,
1.0182366,34.729168,33.0,2025-10-16,
1.0182366,34.729168,33.0,2025-10-17,
1.0182366,34.729168,33.0,2025-10-18,
1.0182366,34.729168,33.0,2025-10-19,
1.0182366,34.729168,33.0,2025-10-20,
1.0182366,34.729168,33.0,2025-10-21,
1.0182366,34.729168,33.0,2025-10-22,
1.0182366,34.729168,33.0,2025-10-23,
1.0182366,34.729168,33.0,2025-10-24,
1.0182366,34.729168,33.0,2025-10-25,
1.0182366,34.729168,33.0,2025-10-26,
1.0182366,34.729168,33.0,2025-10-27,
1.0182366,34.729168,33.0,2025-10-28,
1.0182366,34.729168,33.0,2025-10-29,
1.0182366,34.729168,33.0,2025-10-30,
1.0182366,34.729168,33.0,2025-10-31,
1.0182366,34.729168,33.0,2025-11-01,
1.0182366,34.729168,33.0,2025-11-02,
1.0182366,34.729168,33.0,2025-11-03,
1.0182366,34.729168,33.0,2025-11-04,
1.0182366,34.729168,33.0,2025-11-05,
1.0182366,34.729168,33.0,2025-11-06,
1.0182366,34.729168,33.0,2025-11-07,
1.0182366,34.729168,33.0,2025-11-08,
1.0182366,34.729168,33.0,2025-11-09,
1.0182366,34.729168,33.0,2025-11-10,
1.0182366,34.729168,33.041668,2025-10-11,
1.0182366,34.729168,33.041668,2025-10-12,
1.0182366,34.729168,33.041668,2025-10-13,
1.0182366,34.729168,33.041668,2025-10-14,
1.0182366,34.729168,33.041668,2025-10-15,
1.0182366,34.729168,33.041668,2025-10-16,
1.0182366,34.729168,33.041668,2025-10-17,
1.0182366,34.729168,33.041668,2025-10-18,
1.0182366,34.729168,33.041668,2025-10-19,
1.0182366,34.729168,33.041668,2025-10-20,
1.0182366,34.729168,33.041668,2025-10-21,
1.0182366,34.729168,33.041668,2025-10-22,
1.0182366,34.729168,33.041668,2025-10-23,
1.0182366,34.729168,33.041668,2025-10-24,
1.0182366,34.729168,33.041668,2025-10-25,
1.0182366,34.729168,33.041668,2025-10-26,
1.0182366,34.729168,33.041668,2025-10-27,
1.0182366,34.729168,33.041668,2025-10-28,
1.0182366,34.729168,33.041668,2025-10-29,
1.0182366,34.729168,33.041668,2025-10-30,
1.0182366,34.729168,33.041668,2025-10-31,
1.0182366,34.729168,33.041668,2025-11-01,
1.0182366,34.729168,33.041668,2025-11-02,
1.0182366,34.729168,33.041668,2025-11-03,
1.0182366,34.729168,33.041668,2025-11-04,
1.0182366,34.729168,33.041668,2025-11-05,
1.0182366,34.729168,33.041668,2025-11-06,
1.0182366,34.729168,33.041668,2025-11-07,
1.0182366,34.729168,33.041668,2025-11-08,
1.0182366,34.729168,33.041668,2025-11-09,
1.0182366,34.729168,33.041668,2025-11-10,
1.0182366,34.729168,33.083332,2025-10-11,
1.0182366,34.729168,33.083332,2025-10-12,
1.0182366,34.729168,33.083332,2025-10-13,
1.0182366,34.729168,33.083332,2025-10-14,
1.0182366,34.729168,33.083332,2025-10-15,
1.0182366,34.729168,33.083332,2025-10-16,
1.0182366,34.729168,33.083332,2025-10-17,
1.0182366,34.729168,33.083332,2025-10-18,
1.0182366,34.729168,33.083332,2025-10-19,
1.0182366,34.729168,33.083332,2025-10-20,
1.0182366,34.729168,33.083332,2025-10-21,
1.0182366,34.729168,33.083332,2025-10-22,
1.0182366,34.729168,33.083332,2025-10-23,
1.0182366,34.729168,33.083332,2025-10-24,
1.0182366,34.729168,33.083332,2025-10-25,
1.0182366,34.729168,33.083332,2025-10-26,
1.0182366,34.729168,33.083332,2025-10-27,
1.0182366,34.729168,33.083332,2025-10-28,
1.0182366,34.729168,33.083332,2025-10-29,
1.0182366,34.729168,33.083332,2025-10-30,
1.0182366,34.729168,33.083332,2025-10-31,
1.0182366,34.729168,33.083332,2025-11-01,
1.0182366,34.729168,33.083332,2025-11-02,
1.0182366,34.729168,33.083332,2025-11-03,
1.0182366,34.729168,33.083332,2025-11-04,
1.0182366,34.729168,33.083332,2025-11-05,
1.0182366,34.729168,33.083332,2025-11-06,
1.0182366,34.729168,33.083332,2025-11-07,
1.0182366,34.729168,33.083332,2025-11-08,
1.0182366,34.729168,33.083332,2025-11-09,
1.0182366,34.729168,33.083332,2025-11-10,
1.0182366,34.729168,33.125,2025-10-11,
1.0182366,34.729168,33.125,2025-10-12,
1.0182366,34.729168,33.125,2025-10-13,
1.0182366,34.729168,33.125,2025-10-14,
1.0182366,34.729168,33.125,2025-10-15,
1.0182366,34.729168,33.125,2025-10-16,
1.0182366,34.729168,33.125,2025-10-17,
1.0182366,34.729168,33.125,2025-10-18,
1.0182366,34.729168,33.125,2025-10-19,
1.0182366,34.729168,33.125,2025-10-20,
1.0182366,34.729168,33.125,2025-10-21,
1.0182366,34.729168,33.125,2025-10-22,
1.0182366,34.729168,33.125,2025-10-23,
1.0182366,34.729168,33.125,2025-10-24,
1.0182366,34.729168,33.125,2025-10-25,
1.0182366,34.729168,33.125,2025-10-26,
1.0182366,34.729168,33.125,2025-10-27,
1.0182366,34.729168,33.125,2025-10-28,
1.0182366,34.729168,33.125,2025-10-29,
1.0182366,34.729168,33.125,2025-10-30,
1.0182366,34.729168,33.125,2025-10-31,
1.0182366,34.729168,33.125,2025-11-01,
1.0182366,34.729168,33.125,2025-11-02,
1.0182366,34.729168,33.125,2025-11-03,
1.0182366,34.729168,33.125,2025-11-04,
1.0182366,34.729168,33.125,2025-11-05,
1.0182366,34.729168,33.125,2025-11-06,
1.0182366,34.729168,33.125,2025-11-07,
1.0182366,34.729168,33.125,2025-11-08,
1.0182366,34.729168,33.125,2025-11-09,
1.0182366,34.729168,33.125,2025-11-10,
1.0182366,34.729168,33.166668,2025-10-11,
1.0182366,34.729168,33.166668,2025-10-12,
1.0182366,34.729168,33.166668,2025-10-13,
1.0182366,34.729168,33.166668,2025-10-14,
1.0182366,34.729168,33.166668,2025-10-15,
1.0182366,34.729168,33.166668,2025-10-16,
1.0182366,34.729168,33.166668,2025-10-17,
1.0182366,34.729168,33.166668,2025-10-18,
1.0182366,34.729168,33.166668,2025-10-19,
1.0182366,34.729168,33.166668,2025-10-20,
1.0182366,34.729168,33.166668,2025-10-21,
1.0182366,34.729168,33.166668,2025-10-22,
1.0182366,34.729168,33.166668,2025-10-23,
1.0182366,34.729168,33.166668,2025-10-24,
1.0182366,34.729168,33.166668,2025-10-25,
1.0182366,34.729168,33.166668,2025-10-26,
1.0182366,34.729168,33.166668,2025-10-27,
1.0182366,34.729168,33.166668,2025-10-28,
1.0182366,34.729168,33.166668,2025-10-29,
1.0182366,34.729168,33.166668,2025-10-30,
1.0182366,34.729168,33.166668,2025-10-31,
1.0182366,34.729168,33.166668,2025-11-01,
1.0182366,34.729168,33.166668,2025-11-02,
1.0182366,34.729168,33.166668,2025-11-03,
1.0182366,34.729168,33.166668,2025-11-04,
1.0182366,34.729168,33.166668,2025-11-05,
1.0182366,34.729168,33.166668,2025-11-06,
1.0182366,34.729168,33.166668,2025-11-07,
1.0182366,34.729168,33.166668,2025-11-08,
1.0182366,34.729168,33.166668,2025-11-09,
1.0182366,34.729168,33.166668,2025-11-10,
1.0182366,34.770832,33.0,2025-10-11,
1.0182366,34.770832,33.0,2025-10-12,
1.0182366,34.770832,33.0,2025-10-13,
1.0182366,34.770832,33.0,2025-10-14,
1.0182366,34.770832,33.0,2025-10-15,
1.0182366,34.770832,33.0,2025-10-16,
1.0182366,34.770832,33.0,2025-10-17,
1.0182366,34.770832,33.0,2025-10-18,
1.0182366,34.770832,33.0,2025-10-19,
1.0182366,34.770832,33.0,2025-10-20,
1.0182366,34.770832,33.0,2025-10-21,
1.0182366,34.770832,33.0,2025-10-22,
1.0182366,34.770832,33.0,2025-10-23,
1.0182366,34.770832,33.0,2025-10-24,
1.0182366,34.770832,33.0,2025-10-25,
1.0182366,34.770832,33.0,2025-10-26,
1.0182366,34.770832,33.0,2025-10-27,
1.0182366,34.770832,33.0,2025-10-28,
1.0182366,34.770832,33.0,2025-10-29,
1.0182366,34.770832,33.0,2025-10-30,
1.0182366,34.770832,33.0,2025-10-31,
1.0182366,34.770832,33.0,2025-11-01,
1.0182366,34.770832,33.0,2025-11-02,
1.0182366,34.770832,33.0,2025-11-03,
1.0182366,34.770832,33.0,2025-11-04,
1.0182366,34.770832,33.0,2025-11-05,
1.0182366,34.770832,33.0,2025-11-06,
1.0182366,34.770832,33.0,2025-11-07,
1.0182366,34.770832,33.0,2025-11-08,
1.0182366,34.770832,33.0,2025-11-09,
1.0182366,34.770832,33.0,2025-11-10,
1.0182366,34.770832,33.041668,2025-10-11,
1.0182366,34.770832,33.041668,2025-10-12,
1.0182366,34.770832,33.041668,2025-10-13,
1.0182366,34.770832,33.041668,2025-10-14,
1.0182366,34.770832,33.041668,2025-10-15,
1.0182366,34.770832,33.041668,2025-10-16,
1.0182366,34.770832,33.041668,2025-10-17,
1.0182366,34.770832,33.041668,2025-10-18,
1.0182366,34.770832,33.041668,2025-10-19,
1.0182366,34.770832,33.041668,2025-10-20,
1.0182366,34.770832,33.041668,2025-10-21,
1.0182366,34.770832,33.041668,2025-10-22,
1.0182366,34.770832,33.041668,2025-10-23,
1.0182366,34.770832,33.041668,2025-10-24,
1.0182366,34.770832,33.041668,2025-10-25,
1.0182366,34.770832,33.041668,2025-10-26,
1.0182366,34.770832,33.041668,2025-10-27,
1.0182366,34.770832,33.041668,2025-10-28,
1.0182366,34.770832,33.041668,2025-10-29,
1.0182366,34.770832,33.041668,2025-10-30,
1.0182366,34.770832,33.041668,2025-10-31,
1.0182366,34.770832,33.041668,2025-11-01,
1.0182366,34.770832,33.041668,2025-11-02,
1.0182366,34.770832,33.041668,2025-11-03,
1.0182366,34.770832,33.041668,2025-11-04,
1.0182366,34.770832,33.041668,2025-11-05,
1.0182366,34.770832,33.041668,2025-11-06,
1.0182366,34.770832,33.041668,2025-11-07,
1.0182366,34.770832,33.041668,2025-11-08,
1.0182366,34.770832,33.041668,2025-11-09,
1.0182366,34.770832,33.041668,2025-11-10,
1.0182366,34.770832,33.083332,2025-10-11,
1.0182366,34.770832,33.083332,2025-10-12,
1.0182366,34.770832,33.083332,2025-10-13,
1.0182366,34.770832,33.083332,2025-10-14,
1.0182366,34.770832,33.083332,2025-10-15,
1.0182366,34.770832,33.083332,2025-10-16,
1.0182366,34.770832,33.083332,2025-10-17,
1.0182366,34.770832,33.083332,2025-10-18,
1.0182366,34.770832,33.083332,2025-10-19,
1.0182366,34.770832,33.083332,2025-10-20,
1.0182366,34.770832,33.083332,2025-10-21,
1.0182366,34.770832,33.083332,2025-10-22,
1.0182366,34.770832,33.083332,2025-10-23,
1.0182366,34.770832,33.083332,2025-10-24,
1.0182366,34.770832,33.083332,2025-10-25,
1.0182366,34.770832,33.083332,2025-10-26,
1.0182366,34.770832,33.083332,2025-10-27,
1.0182366,34.770832,33.083332,2025-10-28,
1.0182366,34.770832,33.083332,2025-10-29,
1.0182366,34.770832,33.083332,2025-10-30,
1.0182366,34.770832,33.083332,2025-10-31,
1.0182366,34.770832,33.083332,2025-11-01,
1.0182366,34.770832,33.083332,2025-11-02,
1.0182366,34.770832,33.083332,2025-11-03,
1.0182366,34.770832,33.083332,2025-11-04,
1.0182366,34.770832,33.083332,2025-11-05,
1.0182366,34.770832,33.083332,2025-11-06,
1.0182366,34.770832,33.083332,2025-11-07,
1.0182366,34.770832,33.083332,2025-11-08,
1.0182366,34.770832,33.083332,2025-11-09,
1.0182366,34.770832,33.083332,2025-11-10,
1.0182366,34.770832,33.125,2025-10-11,
1.0182366,34.770832,33.125,2025-10-12,
1.0182366,34.770832,33.125,2025-10-13,
1.0182366,34.770832,33.125,2025-10-14,
1.0182366,34.770832,33.125,2025-10-15,
1.0182366,34.770832,33.125,2025-10-16,
1.0182366,34.770832,33.125,2025-10-17,
1.0182366,34.770832,33.125,2025-10-18,
1.0182366,34.770832,33.125,2025-10-19,
1.0182366,34.770832,33.125,2025-10-20,
1.0182366,34.770832,33.125,2025-10-21,
1.0182366,34.770832,33.125,2025-10-22,
1.0182366,34.770832,33.125,2025-10-23,
1.0182366,34.770832,33.125,2025-10-24,
1.0182366,34.770832,33.125,2025-10-25,
1.0182366,34.770832,33.125,2025-10-26,
1.0182366,34.770832,33.125,2025-10-27,
1.0182366,34.770832,33.125,2025-10-28,
1.0182366,34.770832,33.125,2025-10-29,
1.0182366,34.770832,33.125,2025-10-30,
1.0182366,34.770832,33.125,2025-10-31,
1.0182366,34.770832,33.125,2025-11-01,
1.0182366,34.770832,33.125,2025-11-02,
1.0182366,34.770832,33.125,2025-11-03,
1.0182366,34.770832,33.125,2025-11-04,
1.0182366,34.770832,33.125,2025-11-05,
1.0182366,34.770832,33.125,2025-11-06,
1.0182366,34.770832,33.125,2025-11-07,
1.0182366,34.770832,33.125,2025-11-08,
1.0182366,34.770832,33.125,2025-11-09,
1.0182366,34.770832,33.125,2025-11-10,
1.0182366,34.770832,33.166668,2025-10-11,
1.0182366,34.770832,33.166668,2025-10-12,
1.0182366,34.770832,33.166668,2025-10-13,
1.0182366,34.770832,33.166668,2025-10-14,
1.0182366,34.770832,33.166668,2025-10-15,
1.0182366,34.770832,33.166668,2025-10-16,
1.0182366,34.770832,33.166668,2025-10-17,
1.0182366,34.770832,33.166668,2025-10-18,
1.0182366,34.770832,33.166668,2025-10-19,
1.0182366,34.770832,33.166668,2025-10-20,
1.0182366,34.770832,33.166668,2025-10-21,
1.0182366,34.770832,33.166668,2025-10-22,
1.0182366,34.770832,33.166668,2025-10-23,
1.0182366,34.770832,33.166668,2025-10-24,
1.0182366,34.770832,33.166668,2025-10-25,
1.0182366,34.770832,33.166668,2025-10-26,
1.0182366,34.770832,33.166668,2025-10-27,
1.0182366,34.770832,33.166668,2025-10-28,
1.0182366,34.770832,33.166668,2025-10-29,
1.0182366,34.770832,33.166668,2025-10-30,
1.0182366,34.770832,33.166668,2025-10-31,
1.0182366,34.770832,33.166668,2025-11-01,
1.0182366,34.770832,33.166668,2025-11-02,
1.0182366,34.770832,33.166668,2025-11-03,
1.0182366,34.770832,33.166668,2025-11-04,
1.0182366,34.770832,33.166668,2025-11-05,
1.0182366,34.770832,33.166668,2025-11-06,
1.0182366,34.770832,33.166668,2025-11-07,
1.0182366,34.770832,33.166668,2025-11-08,
1.0182366,34.770832,33.166668,2025-11-09,
1.0182366,34.770832,33.166668,2025-11-10,
3.1657474,34.604168,33.0,2025-10-11,
3.1657474,34.604168,33.0,2025-10-12,
3.1657474,34.604168,33.0,2025-10-13,
3.1657474,34.604168,33.0,2025-10-14,
3.1657474,34.604168,33.0,2025-10-15,
3.1657474,34.604168,33.0,2025-10-16,
3.1657474,34.604168,33.0,2025-10-17,
3.1657474,34.604168,33.0,2025-10-18,
3.1657474,34.604168,33.0,2025-10-19,
3.1657474,34.604168,33.0,2025-10-20,
3.1657474,34.604168,33.0,2025-10-21,
3.1657474,34.604168,33.0,2025-10-22,
3.1657474,34.604168,33.0,2025-10-23,
3.1657474,34.604168,33.0,2025-10-24,
3.1657474,34.604168,33.0,2025-10-25,
3.1657474,34.604168,33.0,2025-10-26,
3.1657474,34.604168,33.0,2025-10-27,
3.1657474,34.604168,33.0,2025-10-28,
3.1657474,34.604168,33.0,2025-10-29,
3.1657474,34.604168,33.0,2025-10-30,
3.1657474,34.604168,33.0,2025-10-31,
3.1657474,34.604168,33.0,2025-11-01,
3.1657474,34.604168,33.0,2025-11-02,
3.1657474,34.604168,33.0,2025-11-03,
3.1657474,34.604168,33.0,2025-11-04,
3.1657474,34.604168,33.0,2025-11-05,
3.1657474,34.604168,33.0,2025-11-06,
3.1657474,34.604168,33.0,2025-11-07,
3.1657474,34.604168,33.0,2025-11-08,
3.1657474,34.604168,33.0,2025-11-09,
3.1657474,34.604168,33.0,2025-11-10,
3.1657474,34.604168,33.041668,2025-10-11,
3.1657474,34.604168,33.041668,2025-10-12,
3.1657474,34.604168,33.041668,2025-10-13,
3.1657474,34.604168,33.041668,2025-10-14,
3.1657474,34.604168,33.041668,2025-10-15,
3.1657474,34.604168,33.041668,2025-10-16,
3.1657474,34.604168,33.041668,2025-10-17,
3.1657474,34.604168,33.041668,2025-10-18,
3.1657474,34.604168,33.041668,2025-10-19,
3.1657474,34.604168,33.041668,2025-10-20,
3.1657474,34.604168,33.041668,2025-10-21,
3.1657474,34.604168,33.041668,2025-10-22,
3.1657474,34.604168,33.041668,2025-10-23,
3.1657474,34.604168,33.041668,2025-10-24,
3.1657474,34.604168,33.041668,2025-10-25,
3.1657474,34.604168,33.041668,2025-10-26,
3.1657474,34.604168,33.041668,2025-10-27,
3.1657474,34.604168,33.041668,2025-10-28,
3.1657474,34.604168,33.041668,2025-10-29,
3.1657474,34.604168,33.041668,2025-10-30,
3.1657474,34.604168,33.041668,2025-10-31,
3.1657474,34.604168,33.041668,2025-11-01,
3.1657474,34.604168,33.041668,2025-11-02,
3.1657474,34.604168,33.041668,2025-11-03,
3.1657474,34.604168,33.041668,2025-11-04,
3.1657474,34.604168,33.041668,2025-11-05,
3.1657474,34.604168,33.041668,2025-11-06,
3.1657474,34.604168,33.041668,2025-11-07,
3.1657474,34.604168,33.041668,2025-11-08,
3.1657474,34.604168,33.041668,2025-11-09,
3.1657474,34.604168,33.041668,2025-11-10,
3.1657474,34.604168,33.083332,2025-10-11,39.600204
3.1657474,34.604168,33.083332,2025-10-12,39.614464
3.1657474,34.604168,33.083332,2025-10-13,39.652332
3.1657474,34.604168,33.083332,2025-10-14,39.6675
3.1657474,34.604168,33.083332,2025-10-15,39.670765
3.1657474,34.604168,33.083332,2025-10-16,39.674484
3.1657474,34.604168,33.083332,2025-10-17,39.67589
3.1657474,34.604168,33.083332,2025-10-18,39.675915
3.1657474,34.604168,33.083332,2025-10-19,39.68051
3.1657474,34.604168,33.083332,2025-10-20,39.683548
3.1657474,34.604168,33.083332,2025-10-21,39.692295
3.1657474,34.604168,33.083332,2025-10-22,39.70018
3.1657474,34.604168,33.083332,2025-10-23,39.73387
3.1657474,34.604168,33.083332,2025-10-24,39.76058
3.1657474,34.604168,33.083332,2025-10-25,39.758987
3.1657474,34.604168,33.083332,2025-10-26,39.73655
3.1657474,34.604168,33.083332,2025-10-27,39.73012
3.1657474,34.604168,33.083332,2025-10-28,39.74495
3.1657474,34.604168,33.083332,2025-10-29,39.766846
3.1657474,34.604168,33.083332,2025-10-30,39.77242
3.1657474,34.604168,33.083332,2025-10-31,39.75945
3.1657474,34.604168,33.083332,2025-11-01,39.74401
3.1657474,34.604168,33.083332,2025-11-02,39.732475
3.1657474,34.604168,33.083332,2025-11-03,39.73465
3.1657474,34.604168,33.083332,2025-11-04,39.732166
3.1657474,34.604168,33.083332,2025-11-05,39.728146
3.1657474,34.604168,33.083332,2025-11-06,39.723495
3.1657474,34.604168,33.083332,2025-11-07,39.72112
3.1657474,34.604168,33.083332,2025-11-08,39.722965
3.1657474,34.604168,33.083332,2025-11-09,39.725967
3.1657474,34.604168,33.083332,2025-11-10,39.72681
3.1657474,34.604168,33.125,2025-10-11,39.62204
3.1657474,34.604168,33.125,2025-10-12,39.640408
3.1657474,34.604168,33.125,2025-10-13,39.660603
3.1657474,34.604168,33.125,2025-10-14,39.67682
3.1657474,34.604168,33.125,2025-10-15,39.6817
3.1657474,34.604168,33.125,2025-10-16,39.682346
3.1657474,34.604168,33.125,2025-10-17,39.681385
3.1657474,34.604168,33.125,2025-10-18,39.682823
3.1657474,34.604168,33.125,2025-10-19,39.68877
3.1657474,34.604168,33.125,2025-10-20,39.69373
3.1657474,34.604168,33.125,2025-10-21,39.7043
3.1657474,34.604168,33.125,2025-10-22,39.715473
3.1657474,34.604168,33.125,2025-10-23,39.752308
3.1657474,34.604168,33.125,2025-10-24,39.77025
3.1657474,34.604168,33.125,2025-10-25,39.770065
3.1657474,34.604168,33.125,2025-10-26,39.743004
3.1657474,34.604168,33.125,2025-10-27,39.7398
3.1657474,34.604168,33.125,2025-10-28,39.765095
3.1657474,34.604168,33.125,2025-10-29,39.776455
3.1657474,34.604168,33.125,2025-10-30,39.76777
3.1657474,34.604168,33.125,2025-10-31,39.740913
3.1657474,34.604168,33.125,2025-11-01,39.722324
3.1657474,34.604168,33.125,2025-11-02,39.714046
3.1657474,34.604168,33.125,2025-11-03,39.720966
3.1657474,34.604168,33.125,2025-11-04,39.72175
3.1657474,34.604168,33.125,2025-11-05,39.71934
3.1657474,34.604168,33.125,2025-11-06,39.71726
3.1657474,34.604168,33.125,2025-11-07,39.718678
3.1657474,34.604168,33.125,2025-11-08,39.723278
3.1657474,34.604168,33.125,2025-11-09,39.72388
3.1657474,34.604168,33.125,2025-11-10,39.72151
3.1657474,34.604168,33.166668,2025-10-11,39.64263
3.1657474,34.604168,33.166668,2025-10-12,39.647156
3.1657474,34.604168,33.166668,2025-10-13,39.648586
3.1657474,34.604168,33.166668,2025-10-14,39.676975
3.1657474,34.604168,33.166668,2025-10-15,39.68906
3.1657474,34.604168,33.166668,2025-10-16,39.69174
3.1657474,34.604168,33.166668,2025-10-17,39.693043
3.1657474,34.604168,33.166668,2025-10-18,39.69638
3.1657474,34.604168,33.166668,2025-10-19,39.70287
3.1657474,34.604168,33.166668,2025-10-20,39.70642
3.1657474,34.604168,33.166668,2025-10-21,39.718044
3.1657474,34.604168,33.166668,2025-10-22,39.727844
3.1657474,34.604168,33.166668,2025-10-23,39.761204
3.1657474,34.604168,33.166668,2025-10-24,39.77649
3.1657474,34.604168,33.166668,2025-10-25,39.77793
3.1657474,34.604168,33.166668,2025-10-26,39.75448
3.1657474,34.604168,33.166668,2025-10-27,39.75433
3.1657474,34.604168,33.166668,2025-10-28,39.772266
3.1657474,34.604168,33.166668,2025-10-29,39.77428
3.1657474,34.604168,33.166668,2025-10-30,39.759525
3.1657474,34.604168,33.166668,2025-10-31,39.731506
3.1657474,34.604168,33.166668,2025-11-01,39.715332
3.1657474,34.604168,33.166668,2025-11-02,39.70989
3.1657474,34.604168,33.166668,2025-11-03,39.71971
3.1657474,34.604168,33.166668,2025-11-04,39.72052
3.1657474,34.604168,33.166668,2025-11-05,39.71895
3.1657474,34.604168,33.166668,2025-11-06,39.71909
3.1657474,34.604168,33.166668,2025-11-07,39.71734
3.1657474,34.604168,33.166668,2025-11-08,39.714897
3.1657474,34.604168,33.166668,2025-11-09,39.71316
3.1657474,34.604168,33.166668,2025-11-10,39.708813
3.1657474,34.645832,33.0,2025-10-11,
3.1657474,34.645832,33.0,2025-10-12,
3.1657474,34.645832,33.0,2025-10-13,
3.1657474,34.645832,33.0,2025-10-14,
3.1657474,34.645832,33.0,2025-10-15,
3.1657474,34.645832,33.0,2025-10-16,
3.1657474,34.645832,33.0,2025-10-17,
3.1657474,34.645832,33.0,2025-10-18,
3.1657474,34.645832,33.0,2025-10-19,
3.1657474,34.645832,33.0,2025-10-20,
3.1657474,34.645832,33.0,2025-10-21,
3.1657474,34.645832,33.0,2025-10-22,
3.1657474,34.645832,33.0,2025-10-23,
3.1657474,34.645832,33.0,2025-10-24,
3.1657474,34.645832,33.0,2025-10-25,
3.1657474,34.645832,33.0,2025-10-26,
3.1657474,34.645832,33.0,2025-10-27,
3.1657474,34.645832,33.0,2025-10-28,
3.1657474,34.645832,33.0,2025-10-29,
3.1657474,34.645832,33.0,2025-10-30,
3.1657474,34.645832,33.0,2025-10-31,
3.1657474,34.645832,33.0,2025-11-01,
3.1657474,34.645832,33.0,2025-11-02,
3.1657474,34.645832,33.0,2025-11-03,
3.1657474,34.645832,33.0,2025-11-04,
3.1657474,34.645832,33.0,2025-11-05,
3.1657474,34.645832,33.0,2025-11-06,
3.1657474,34.645832,33.0,2025-11-07,
3.1657474,34.645832,33.0,2025-11-08,
3.1657474,34.645832,33.0,2025-11-09,
3.1657474,34.645832,33.0,2025-11-10,
3.1657474,34.645832,33.041668,2025-10-11,
3.1657474,34.645832,33.041668,2025-10-12,
3.1657474,34.645832,33.041668,2025-10-13,
3.1657474,34.645832,33.041668,2025-10-14,
3.1657474,34.645832,33.041668,2025-10-15,
3.1657474,34.645832,33.041668,2025-10-16,
3.1657474,34.645832,33.041668,2025-10-17,
3.1657474,34.645832,33.041668,2025-10-18,
3.1657474,34.645832,33.041668,2025-10-19,
3.1657474,34.645832,33.041668,2025-10-20,
3.1657474,34.645832,33.041668,2025-10-21,
3.1657474,34.645832,33.041668,2025-10-22,
3.1657474,34.645832,33.041668,2025-10-23,
3.1657474,34.645832,33.041668,2025-10-24,
3.1657474,34.645832,33.041668,2025-10-25,
3.1657474,34.645832,33.041668,2025-10-26,
3.1657474,34.645832,33.041668,2025-10-27,
3.1657474,34.645832,33.041668,2025-10-28,
3.1657474,34.645832,33.041668,2025-10-29,
3.1657474,34.645832,33.041668,2025-10-30,
3.1657474,34.645832,33.041668,2025-10-31,
3.1657474,34.645832,33.041668,2025-11-01,
3.1657474,34.645832,33.041668,2025-11-02,
3.1657474,34.645832,33.041668,2025-11-03,
3.1657474,34.645832,33.041668,2025-11-04,
3.1657474,34.645832,33.041668,2025-11-05,
3.1657474,34.645832,33.041668,2025-11-06,
3.1657474,34.645832,33.041668,2025-11-07,
3.1657474,34.645832,33.041668,2025-11-08,
3.1657474,34.645832,33.041668,2025-11-09,
3.1657474,34.645832,33.041668,2025-11-10,
3.1657474,34.645832,33.083332,2025-10-11,39.593765
3.1657474,34.645832,33.083332,2025-10-12,39.61483
3.1657474,34.645832,33.083332,2025-10-13,39.65283
3.1657474,34.645832,33.083332,2025-10-14,39.66706
3.1657474,34.645832,33.083332,2025-10-15,39.671402
3.1657474,34.645832,33.083332,2025-10-16,39.6757
3.1657474,34.645832,33.083332,2025-10-17,39.675694
3.1657474,34.645832,33.083332,2025-10-18,39.675907
3.1657474,34.645832,33.083332,2025-10-19,39.68047
3.1657474,34.645832,33.083332,2025-10-20,39.684177
3.1657474,34.645832,33.083332,2025-10-21,39.69084
3.1657474,34.645832,33.083332,2025-10-22,39.69921
3.1657474,34.645832,33.083332,2025-10-23,39.733345
3.1657474,34.645832,33.083332,2025-10-24,39.756283
3.1657474,34.645832,33.083332,2025-10-25,39.75101
3.1657474,34.645832,33.083332,2025-10-26,39.733902
3.1657474,34.645832,33.083332,2025-10-27,39.729946
3.1657474,34.645832,33.083332,2025-10-28,39.741726
3.1657474,34.645832,33.083332,2025-10-29,39.76475
3.1657474,34.645832,33.083332,2025-10-30,39.77338
3.1657474,34.645832,33.083332,2025-10-31,39.766193
3.1657474,34.645832,33.083332,2025-11-01,39.758003
3.1657474,34.645832,33.083332,2025-11-02,39.74456
3.1657474,34.645832,33.083332,2025-11-03,39.743237
3.1657474,34.645832,33.083332,2025-11-04,39.74017
3.1657474,34.645832,33.083332,2025-11-05,39.734947
3.1657474,34.645832,33.083332,2025-11-06,39.72739
3.1657474,34.645832,33.083332,2025-11-07,39.721096
3.1657474,34.645832,33.083332,2025-11-08,39.71923
3.1657474,34.645832,33.083332,2025-11-09,39.720818
3.1657474,34.645832,33.083332,2025-11-10,39.722958
3.1657474,34.645832,33.125,2025-10-11,39.601025
3.1657474,34.645832,33.125,2025-10-12,39.64215
3.1657474,34.645832,33.125,2025-10-13,39.67303
3.1657474,34.645832,33.125,2025-10-14,39.681778
3.1657474,34.645832,33.125,2025-10-15,39.684975
3.1657474,34.645832,33.125,2025-10-16,39.68488
3.1657474,34.645832,33.125,2025-10-17,39.68285
3.1657474,34.645832,33.125,2025-10-18,39.68396
3.1657474,34.645832,33.125,2025-10-19,39.689003
3.1657474,34.645832,33.125,2025-10-20,39.694664
3.1657474,34.645832,33.125,2025-10-21,39.69946
3.1657474,34.645832,33.125,2025-10-22,39.71266
3.1657474,34.645832,33.125,2025-10-23,39.75096
3.1657474,34.645832,33.125,2025-10-24,39.764812
3.1657474,34.645832,33.125,2025-10-25,39.76024
3.1657474,34.645832,33.125,2025-10-26,39.740253
3.1657474,34.645832,33.125,2025-10-27,39.73782
3.1657474,34.645832,33.125,2025-10-28,39.76143
3.1657474,34.645832,33.125,2025-10-29,39.777443
3.1657474,34.645832,33.125,2025-10-30,39.769966
3.1657474,34.645832,33.125,2025-10-31,39.747204
3.1657474,34.645832,33.125,2025-11-01,39.734997
3.1657474,34.645832,33.125,2025-11-02,39.726006
3.1657474,34.645832,33.125,2025-11-03,39.730804
3.1657474,34.645832,33.125,2025-11-04,39.730095
3.1657474,34.645832,33.125,2025-11-05,39.721073
3.1657474,34.645832,33.125,2025-11-06,39.714386
3.1657474,34.645832,33.125,2025-11-07,39.715378
3.1657474,34.645832,33.125,2025-11-08,39.719154
3.1657474,34.645832,33.125,2025-11-09,39.722538
3.1657474,34.645832,33.125,2025-11-10,39.723858
3.1657474,34.645832,33.166668,2025-10-11,39.628338
3.1657474,34.645832,33.166668,2025-10-12,39.659927
3.1657474,34.645832,33.166668,2025-10-13,39.68096
3.1657474,34.645832,33.166668,2025-10-14,39.69347
3.1657474,34.645832,33.166668,2025-10-15,39.695396
3.1657474,34.645832,33.166668,2025-10-16,39.693657
3.1657474,34.645832,33.166668,2025-10-17,39.69252
3.1657474,34.645832,33.166668,2025-10-18,39.692677
3.1657474,34.645832,33.166668,2025-10-19,39.697685
3.1657474,34.645832,33.166668,2025-10-20,39.708183
3.1657474,34.645832,33.166668,2025-10-21,39.710938
3.1657474,34.645832,33.166668,2025-10-22,39.72782
3.1657474,34.645832,33.166668,2025-10-23,39.76126
3.1657474,34.645832,33.166668,2025-10-24,39.771374
3.1657474,34.645832,33.166668,2025-10-25,39.768063
3.1657474,34.645832,33.166668,2025-10-26,39.745636
3.1657474,34.645832,33.166668,2025-10-27,39.745975
3.1657474,34.645832,33.166668,2025-10-28,39.776787
3.1657474,34.645832,33.166668,2025-10-29,39.78073
3.1657474,34.645832,33.166668,2025-10-30,39.75837
3.1657474,34.645832,33.166668,2025-10-31,39.728447
3.1657474,34.645832,33.166668,2025-11-01,39.715603
3.1657474,34.645832,33.166668,2025-11-02,39.709885
3.1657474,34.645832,33.166668,2025-11-03,39.718327
3.1657474,34.645832,33.166668,2025-11-04,39.712524
3.1657474,34.645832,33.166668,2025-11-05,39.700977
3.1657474,34.645832,33.166668,2025-11-06,39.699814
3.1657474,34.645832,33.166668,2025-11-07,39.705627
3.1657474,34.645832,33.166668,2025-11-08,39.713264
3.1657474,34.645832,33.166668,2025-11-09,39.71771
3.1657474,34.645832,33.166668,2025-11-10,39.717155
3.1657474,34.6875,33.0,2025-10-11,
3.1657474,34.6875,33.0,2025-10-12,
3.1657474,34.6875,33.0,2025-10-13,
3.1657474,34.6875,33.0,2025-10-14,
3.1657474,34.6875,33.0,2025-10-15,
3.1657474,34.6875,33.0,2025-10-16,
3.1657474,34.6875,33.0,2025-10-17,
3.1657474,34.6875,33.0,2025-10-18,
3.1657474,34.6875,33.0,2025-10-19,
3.1657474,34.6875,33.0,2025-10-20,
3.1657474,34.6875,33.0,2025-10-21,
3.1657474,34.6875,33.0,2025-10-22,
3.1657474,34.6875,33.0,2025-10-23,
3.1657474,34.6875,33.0,2025-10-24,
3.1657474,34.6875,33.0,2025-10-25,
3.1657474,34.6875,33.0,2025-10-26,
3.1657474,34.6875,33.0,2025-10-27,
3.1657474,34.6875,33.0,2025-10-28,
3.1657474,34.6875,33.0,2025-10-29,
3.1657474,34.6875,33.0,2025-10-30,
3.1657474,34.6875,33.0,2025-10-31,
3.1657474,34.6875,33.0,2025-11-01,
3.1657474,34.6875,33.0,2025-11-02,
3.1657474,34.6875,33.0,2025-11-03,
3.1657474,34.6875,33.0,2025-11-04,
3.1657474,34.6875,33.0,2025-11-05,
3.1657474,34.6875,33.0,2025-11-06,
3.1657474,34.6875,33.0,2025-11-07,
3.1657474,34.6875,33.0,2025-11-08,
3.1657474,34.6875,33.0,2025-11-09,
3.1657474,34.6875,33.0,2025-11-10,
3.1657474,34.6875,33.041668,2025-10-11,
3.1657474,34.6875,33.041668,2025-10-12,
3.1657474,34.6875,33.041668,2025-10-13,
3.1657474,34.6875,33.041668,2025-10-14,
3.1657474,34.6875,33.041668,2025-10-15,
3.1657474,34.6875,33.041668,2025-10-16,
3.1657474,34.6875,33.041668,2025-10-17,
3.1657474,34.6875,33.041668,2025-10-18,
3.1657474,34.6875,33.041668,2025-10-19,
3.1657474,34.6875,33.041668,2025-10-20,
3.1657474,34.6875,33.041668,2025-10-21,
3.1657474,34.6875,33.041668,2025-10-22,
3.1657474,34.6875,33.041668,2025-10-23,
3.1657474,34.6875,33.041668,2025-10-24,
3.1657474,34.6875,33.041668,2025-10-25,
3.1657474,34.6875,33.041668,2025-10-26,
3.1657474,34.6875,33.041668,2025-10-27,
3.1657474,34.6875,33.041668,2025-10-28,
3.1657474,34.6875,33.041668,2025-10-29,
3.1657474,34.6875,33.041668,2025-10-30,
3.1657474,34.6875,33.041668,2025-10-31,
3.1657474,34.6875,33.041668,2025-11-01,
3.1657474,34.6875,33.041668,2025-11-02,
3.1657474,34.6875,33.041668,2025-11-03,
3.1657474,34.6875,33.041668,2025-11-04,
3.1657474,34.6875,33.041668,2025-11-05,
3.1657474,34.6875,33.041668,2025-11-06,
3.1657474,34.6875,33.041668,2025-11-07,
3.1657474,34.6875,33.041668,2025-11-08,
3.1657474,34.6875,33.041668,2025-11-09,
3.1657474,34.6875,33.041668,2025-11-10,
3.1657474,34.6875,33.083332,2025-10-11,
3.1657474,34.6875,33.083332,2025-10-12,
3.1657474,34.6875,33.083332,2025-10-13,
3.1657474,34.6875,33.083332,2025-10-14,
3.1657474,34.6875,33.083332,2025-10-15,
3.1657474,34.6875,33.083332,2025-10-16,
3.1657474,34.6875,33.083332,2025-10-17,
3.1657474,34.6875,33.083332,2025-10-18,
3.1657474,34.6875,33.083332,2025-10-19,
3.1657474,34.6875,33.083332,2025-10-20,
3.1657474,34.6875,33.083332,2025-10-21,
3.1657474,34.6875,33.083332,2025-10-22,
3.1657474,34.6875,33.083332,2025-10-23,
3.1657474,34.6875,33.083332,2025-10-24,
3.1657474,34.6875,33.083332,2025-10-25,
3.1657474,34.6875,33.083332,2025-10-26,
3.1657474,34.6875,33.083332,2025-10-27,
3.1657474,34.6875,33.083332,2025-10-28,
3.1657474,34.6875,33.083332,2025-10-29,
3.1657474,34.6875,33.083332,2025-10-30,
3.1657474,34.6875,33.083332,2025-10-31,
3.1657474,34.6875,33.083332,2025-11-01,
3.1657474,34.6875,33.083332,2025-11-02,
3.1657474,34.6875,33.083332,2025-11-03,
3.1657474,34.6875,33.083332,2025-11-04,
3.1657474,34.6875,33.083332,2025-11-05,
3.1657474,34.6875,33.083332,2025-11-06,
3.1657474,34.6875,33.083332,2025-11-07,
3.1657474,34.6875,33.083332,2025-11-08,
3.1657474,34.6875,33.083332,2025-11-09,
3.1657474,34.6875,33.083332,2025-11-10,
3.1657474,34.6875,33.125,2025-10-11,39.5908
3.1657474,34.6875,33.125,2025-10-12,39.63202
3.1657474,34.6875,33.125,2025-10-13,39.663383
3.1657474,34.6875,33.125,2025-10-14,39.676685
3.1657474,34.6875,33.125,2025-10-15,39.68117
3.1657474,34.6875,33.125,2025-10-16,39.684177
3.1657474,34.6875,33.125,2025-10-17,39.685005
3.1657474,34.6875,33.125,2025-10-18,39.683613
3.1657474,34.6875,33.125,2025-10-19,39.68678
3.1657474,34.6875,33.125,2025-10-20,39.688107
3.1657474,34.6875,33.125,2025-10-21,39.689556
3.1657474,34.6875,33.125,2025-10-22,39.700546
3.1657474,34.6875,33.125,2025-10-23,39.73951
3.1657474,34.6875,33.125,2025-10-24,39.758728
3.1657474,34.6875,33.125,2025-10-25,39.758434
3.1657474,34.6875,33.125,2025-10-26,39.74722
3.1657474,34.6875,33.125,2025-10-27,39.74019
3.1657474,34.6875,33.125,2025-10-28,39.750046
3.1657474,34.6875,33.125,2025-10-29,39.769035
3.1657474,34.6875,33.125,2025-10-30,39.773277
3.1657474,34.6875,33.125,2025-10-31,39.772976
3.1657474,34.6875,33.125,2025-11-01,39.770435
3.1657474,34.6875,33.125,2025-11-02,39.755585
3.1657474,34.6875,33.125,2025-11-03,39.756783
3.1657474,34.6875,33.125,2025-11-04,39.753822
3.1657474,34.6875,33.125,2025-11-05,39.74266
3.1657474,34.6875,33.125,2025-11-06,39.73533
3.1657474,34.6875,33.125,2025-11-07,39.72724
3.1657474,34.6875,33.125,2025-11-08,39.725075
3.1657474,34.6875,33.125,2025-11-09,39.72469
3.1657474,34.6875,33.125,2025-11-10,39.725548
3.1657474,34.6875,33.166668,2025-10-11,39.61638
3.1657474,34.6875,33.166668,2025-10-12,39.657387
3.1657474,34.6875,33.166668,2025-10-13,39.681934
3.1657474,34.6875,33.166668,2025-10-14,39.688652
3.1657474,34.6875,33.166668,2025-10-15,39.689056
3.1657474,34.6875,33.166668,2025-10-16,39.68836
3.1657474,34.6875,33.166668,2025-10-17,39.68949
3.1657474,34.6875,33.166668,2025-10-18,39.689316
3.1657474,34.6875,33.166668,2025-10-19,39.694912
3.1657474,34.6875,33.166668,2025-10-20,39.703068
3.1657474,34.6875,33.166668,2025-10-21,39.700058
3.1657474,34.6875,33.166668,2025-10-22,39.718563
3.1657474,34.6875,33.166668,2025-10-23,39.752037
3.1657474,34.6875,33.166668,2025-10-24,39.76284
3.1657474,34.6875,33.166668,2025-10-25,39.75973
3.1657474,34.6875,33.166668,2025-10-26,39.74549
3.1657474,34.6875,33.166668,2025-10-27,39.739895
3.1657474,34.6875,33.166668,2025-10-28,39.768044
3.1657474,34.6875,33.166668,2025-10-29,39.77735
3.1657474,34.6875,33.166668,2025-10-30,39.772057
3.1657474,34.6875,33.166668,2025-10-31,39.760395
3.1657474,34.6875,33.166668,2025-11-01,39.75616
3.1657474,34.6875,33.166668,2025-11-02,39.74783
3.1657474,34.6875,33.166668,2025-11-03,39.747597
3.1657474,34.6875,33.166668,2025-11-04,39.729733
3.1657474,34.6875,33.166668,2025-11-05,39.712193
3.1657474,34.6875,33.166668,2025-11-06,39.71037
3.1657474,34.6875,33.166668,2025-11-07,39.712524
3.1657474,34.6875,33.166668,2025-11-08,39.71714
3.1657474,34.6875,33.166668,2025-11-09,39.71956
3.1657474,34.6875,33.166668,2025-11-10,39.719265
3.1657474,34.729168,33.0,2025-10-11,
3.1657474,34.729168,33.0,2025-10-12,
3.1657474,34.729168,33.0,2025-10-13,
3.1657474,34.729168,33.0,2025-10-14,
3.1657474,34.729168,33.0,2025-10-15,
3.1657474,34.729168,33.0,2025-10-16,
3.1657474,34.729168,33.0,2025-10-17,
3.1657474,34.729168,33.0,2025-10-18,
3.1657474,34.729168,33.0,2025-10-19,
3.1657474,34.729168,33.0,2025-10-20,
3.1657474,34.729168,33.0,2025-10-21,
3.1657474,34.729168,33.0,2025-10-22,
3.1657474,34.729168,33.0,2025-10-23,
3.1657474,34.729168,33.0,2025-10-24,
3.1657474,34.729168,33.0,2025-10-25,
3.1657474,34.729168,33.0,2025-10-26,
3.1657474,34.729168,33.0,2025-10-27,
3.1657474,34.729168,33.0,2025-10-28,
3.1657474,34.729168,33.0,2025-10-29,
3.1657474,34.729168,33.0,2025-10-30,
3.1657474,34.729168,33.0,2025-10-31,
3.1657474,34.729168,33.0,2025-11-01,
3.1657474,34.729168,33.0,2025-11-02,
3.1657474,34.729168,33.0,2025-11-03,
3.1657474,34.729168,33.0,2025-11-04,
3.1657474,34.729168,33.0,2025-11-05,
3.1657474,34.729168,33.0,2025-11-06,
3.1657474,34.729168,33.0,2025-11-07,
3.1657474,34.729168,33.0,2025-11-08,
3.1657474,34.729168,33.0,2025-11-09,
3.1657474,34.729168,33.0,2025-11-10,
3.1657474,34.729168,33.041668,2025-10-11,
3.1657474,34.729168,33.041668,2025-10-12,
3.1657474,34.729168,33.041668,2025-10-13,
3.1657474,34.729168,33.041668,2025-10-14,
3.1657474,34.729168,33.041668,2025-10-15,
3.1657474,34.729168,33.041668,2025-10-16,
3.1657474,34.729168,33.041668,2025-10-17,
3.1657474,34.729168,33.041668,2025-10-18,
3.1657474,34.729168,33.041668,2025-10-19,
3.1657474,34.729168,33.041668,2025-10-20,
3.1657474,34.729168,33.041668,2025-10-21,
3.1657474,34.729168,33.041668,2025-10-22,
3.1657474,34.729168,33.041668,2025-10-23,
3.1657474,34.729168,33.041668,2025-10-24,
3.1657474,34.729168,33.041668,2025-10-25,
3.1657474,34.729168,33.041668,2025-10-26,
3.1657474,34.729168,33.041668,2025-10-27,
3.1657474,34.729168,33.041668,2025-10-28,
3.1657474,34.729168,33.041668,2025-10-29,
3.1657474,34.729168,33.041668,2025-10-30,
3.1657474,34.729168,33.041668,2025-10-31,
3.1657474,34.729168,33.041668,2025-11-01,
3.1657474,34.729168,33.041668,2025-11-02,
3.1657474,34.729168,33.041668,2025-11-03,
3.1657474,34.729168,33.041668,2025-11-04,
3.1657474,34.729168,33.041668,2025-11-05,
3.1657474,34.729168,33.041668,2025-11-06,
3.1657474,34.729168,33.041668,2025-11-07,
3.1657474,34.729168,33.041668,2025-11-08,
3.1657474,34.729168,33.041668,2025-11-09,
3.1657474,34.729168,33.041668,2025-11-10,
3.1657474,34.729168,33.083332,2025-10-11,
3.1657474,34.729168,33.083332,2025-10-12,
3.1657474,34.729168,33.083332,2025-10-13,
3.1657474,34.729168,33.083332,2025-10-14,
3.1657474,34.729168,33.083332,2025-10-15,
3.1657474,34.729168,33.083332,2025-10-16,
3.1657474,34.729168,33.083332,2025-10-17,
3.1657474,34.729168,33.083332,2025-10-18,
3.1657474,34.729168,33.083332,2025-10-19,
3.1657474,34.729168,33.083332,2025-10-20,
3.1657474,34.729168,33.083332,2025-10-21,
3.1657474,34.729168,33.083332,2025-10-22,
3.1657474,34.729168,33.083332,2025-10-23,
3.1657474,34.729168,33.083332,2025-10-24,
3.1657474,34.729168,33.083332,2025-10-25,
3.1657474,34.729168,33.083332,2025-10-26,
3.1657474,34.729168,33.083332,2025-10-27,
3.1657474,34.729168,33.083332,2025-10-28,
3.1657474,34.729168,33.083332,2025-10-29,
3.1657474,34.729168,33.083332,2025-10-30,
3.1657474,34.729168,33.083332,2025-10-31,
3.1657474,34.729168,33.083332,2025-11-01,
3.1657474,34.729168,33.083332,2025-11-02,
3.1657474,34.729168,33.083332,2025-11-03,
3.1657474,34.729168,33.083332,2025-11-04,
3.1657474,34.729168,33.083332,2025-11-05,
3.1657474,34.729168,33.083332,2025-11-06,
3.1657474,34.729168,33.083332,2025-11-07,
3.1657474,34.729168,33.083332,2025-11-08,
3.1657474,34.729168,33.083332,2025-11-09,
3.1657474,34.729168,33.083332,2025-11-10,
3.1657474,34.729168,33.125,2025-10-11,
3.1657474,34.729168,33.125,2025-10-12,
3.1657474,34.729168,33.125,2025-10-13,
3.1657474,34.729168,33.125,2025-10-14,
3.1657474,34.729168,33.125,2025-10-15,
3.1657474,34.729168,33.125,2025-10-16,
3.1657474,34.729168,33.125,2025-10-17,
3.1657474,34.729168,33.125,2025-10-18,
3.1657474,34.729168,33.125,2025-10-19,
3.1657474,34.729168,33.125,2025-10-20,
3.1657474,34.729168,33.125,2025-10-21,
3.1657474,34.729168,33.125,2025-10-22,
3.1657474,34.729168,33.125,2025-10-23,
3.1657474,34.729168,33.125,2025-10-24,
3.1657474,34.729168,33.125,2025-10-25,
3.1657474,34.729168,33.125,2025-10-26,
3.1657474,34.729168,33.125,2025-10-27,
3.1657474,34.729168,33.125,2025-10-28,
3.1657474,34.729168,33.125,2025-10-29,
3.1657474,34.729168,33.125,2025-10-30,
3.1657474,34.729168,33.125,2025-10-31,
3.1657474,34.729168,33.125,2025-11-01,
3.1657474,34.729168,33.125,2025-11-02,
3.1657474,34.729168,33.125,2025-11-03,
3.1657474,34.729168,33.125,2025-11-04,
3.1657474,34.729168,33.125,2025-11-05,
3.1657474,34.729168,33.125,2025-11-06,
3.1657474,34.729168,33.125,2025-11-07,
3.1657474,34.729168,33.125,2025-11-08,
3.1657474,34.729168,33.125,2025-11-09,
3.1657474,34.729168,33.125,2025-11-10,
3.1657474,34.729168,33.166668,2025-10-11,
3.1657474,34.729168,33.166668,2025-10-12,
3.1657474,34.729168,33.166668,2025-10-13,
3.1657474,34.729168,33.166668,2025-10-14,
3.1657474,34.729168,33.166668,2025-10-15,
3.1657474,34.729168,33.166668,2025-10-16,
3.1657474,34.729168,33.166668,2025-10-17,
3.1657474,34.729168,33.166668,2025-10-18,
3.1657474,34.729168,33.166668,2025-10-19,
3.1657474,34.729168,33.166668,2025-10-20,
3.1657474,34.729168,33.166668,2025-10-21,
3.1657474,34.729168,33.166668,2025-10-22,
3.1657474,34.729168,33.166668,2025-10-23,
3.1657474,34.729168,33.166668,2025-10-24,
3.1657474,34.729168,33.166668,2025-10-25,
3.1657474,34.729168,33.166668,2025-10-26,
3.1657474,34.729168,33.166668,2025-10-27,
3.1657474,34.729168,33.166668,2025-10-28,
3.1657474,34.729168,33.166668,2025-10-29,
3.1657474,34.729168,33.166668,2025-10-30,
3.1657474,34.729168,33.166668,2025-10-31,
3.1657474,34.729168,33.166668,2025-11-01,
3.1657474,34.729168,33.166668,2025-11-02,
3.1657474,34.729168,33.166668,2025-11-03,
3.1657474,34.729168,33.166668,2025-11-04,
3.1657474,34.729168,33.166668,2025-11-05,
3.1657474,34.729168,33.166668,2025-11-06,
3.1657474,34.729168,33.166668,2025-11-07,
3.1657474,34.729168,33.166668,2025-11-08,
3.1657474,34.729168,33.166668,2025-11-09,
3.1657474,34.729168,33.166668,2025-11-10,
3.1657474,34.770832,33.0,2025-10-11,
3.1657474,34.770832,33.0,2025-10-12,
3.1657474,34.770832,33.0,2025-10-13,
3.1657474,34.770832,33.0,2025-10-14,
3.1657474,34.770832,33.0,2025-10-15,
3.1657474,34.770832,33.0,2025-10-16,
3.1657474,34.770832,33.0,2025-10-17,
3.1657474,34.770832,33.0,2025-10-18,
3.1657474,34.770832,33.0,2025-10-19,
3.1657474,34.770832,33.0,2025-10-20,
3.1657474,34.770832,33.0,2025-10-21,
3.1657474,34.770832,33.0,2025-10-22,
3.1657474,34.770832,33.0,2025-10-23,
3.1657474,34.770832,33.0,2025-10-24,
3.1657474,34.770832,33.0,2025-10-25,
3.1657474,34.770832,33.0,2025-10-26,
3.1657474,34.770832,33.0,2025-10-27,
3.1657474,34.770832,33.0,2025-10-28,
3.1657474,34.770832,33.0,2025-10-29,
3.1657474,34.770832,33.0,2025-10-30,
3.1657474,34.770832,33.0,2025-10-31,
3.1657474,34.770832,33.0,2025-11-01,
3.1657474,34.770832,33.0,2025-11-02,
3.1657474,34.770832,33.0,2025-11-03,
3.1657474,34.770832,33.0,2025-11-04,
3.1657474,34.770832,33.0,2025-11-05,
3.1657474,34.770832,33.0,2025-11-06,
3.1657474,34.770832,33.0,2025-11-07,
3.1657474,34.770832,33.0,2025-11-08,
3.1657474,34.770832,33.0,2025-11-09,
3.1657474,34.770832,33.0,2025-11-10,
3.1657474,34.770832,33.041668,2025-10-11,
3.1657474,34.770832,33.041668,2025-10-12,
3.1657474,34.770832,33.041668,2025-10-13,
3.1657474,34.770832,33.041668,2025-10-14,
3.1657474,34.770832,33.041668,2025-10-15,
3.1657474,34.770832,33.041668,2025-10-16,
3.1657474,34.770832,33.041668,2025-10-17,
3.1657474,34.770832,33.041668,2025-10-18,
3.1657474,34.770832,33.041668,2025-10-19,
3.1657474,34.770832,33.041668,2025-10-20,
3.1657474,34.770832,33.041668,2025-10-21,
3.1657474,34.770832,33.041668,2025-10-22,
3.1657474,34.770832,33.041668,2025-10-23,
3.1657474,34.770832,33.041668,2025-10-24,
3.1657474,34.770832,33.041668,2025-10-25,
3.1657474,34.770832,33.041668,2025-10-26,
3.1657474,34.770832,33.041668,2025-10-27,
3.1657474,34.770832,33.041668,2025-10-28,
3.1657474,34.770832,33.041668,2025-10-29,
3.1657474,34.770832,33.041668,2025-10-30,
3.1657474,34.770832,33.041668,2025-10-31,
3.1657474,34.770832,33.041668,2025-11-01,
3.1657474,34.770832,33.041668,2025-11-02,
3.1657474,34.770832,33.041668,2025-11-03,
3.1657474,34.770832,33.041668,2025-11-04,
3.1657474,34.770832,33.041668,2025-11-05,
3.1657474,34.770832,33.041668,2025-11-06,
3.1657474,34.770832,33.041668,2025-11-07,
3.1657474,34.770832,33.041668,2025-11-08,
3.1657474,34.770832,33.041668,2025-11-09,
3.1657474,34.770832,33.041668,2025-11-10,
3.1657474,34.770832,33.083332,2025-10-11,
3.1657474,34.770832,33.083332,2025-10-12,
3.1657474,34.770832,33.083332,2025-10-13,
3.1657474,34.770832,33.083332,2025-10-14,
3.1657474,34.770832,33.083332,2025-10-15,
3.1657474,34.770832,33.083332,2025-10-16,
3.1657474,34.770832,33.083332,2025-10-17,
3.1657474,34.770832,33.083332,2025-10-18,
3.1657474,34.770832,33.083332,2025-10-19,
3.1657474,34.770832,33.083332,2025-10-20,
3.1657474,34.770832,33.083332,2025-10-21,
3.1657474,34.770832,33.083332,2025-10-22,
3.1657474,34.770832,33.083332,2025-10-23,
3.1657474,34.770832,33.083332,2025-10-24,
3.1657474,34.770832,33.083332,2025-10-25,
3.1657474,34.770832,33.083332,2025-10-26,
3.1657474,34.770832,33.083332,2025-10-27,
3.1657474,34.770832,33.083332,2025-10-28,
3.1657474,34.770832,33.083332,2025-10-29,
3.1657474,34.770832,33.083332,2025-10-30,
3.1657474,34.770832,33.083332,2025-10-31,
3.1657474,34.770832,33.083332,2025-11-01,
3.1657474,34.770832,33.083332,2025-11-02,
3.1657474,34.770832,33.083332,2025-11-03,
3.1657474,34.770832,33.083332,2025-11-04,
3.1657474,34.770832,33.083332,2025-11-05,
3.1657474,34.770832,33.083332,2025-11-06,
3.1657474,34.770832,33.083332,2025-11-07,
3.1657474,34.770832,33.083332,2025-11-08,
3.1657474,34.770832,33.083332,2025-11-09,
3.1657474,34.770832,33.083332,2025-11-10,
3.1657474,34.770832,33.125,2025-10-11,
3.1657474,34.770832,33.125,2025-10-12,
3.1657474,34.770832,33.125,2025-10-13,
3.1657474,34.770832,33.125,2025-10-14,
3.1657474,34.770832,33.125,2025-10-15,
3.1657474,34.770832,33.125,2025-10-16,
3.1657474,34.770832,33.125,2025-10-17,
3.1657474,34.770832,33.125,2025-10-18,
3.1657474,34.770832,33.125,2025-10-19,
3.1657474,34.770832,33.125,2025-10-20,
3.1657474,34.770832,33.125,2025-10-21,
3.1657474,34.770832,33.125,2025-10-22,
3.1657474,34.770832,33.125,2025-10-23,
3.1657474,34.770832,33.125,2025-10-24,
3.1657474,34.770832,33.125,2025-10-25,
3.1657474,34.770832,33.125,2025-10-26,
3.1657474,34.770832,33.125,2025-10-27,
3.1657474,34.770832,33.125,2025-10-28,
3.1657474,34.770832,33.125,2025-10-29,
3.1657474,34.770832,33.125,2025-10-30,
3.1657474,34.770832,33.125,2025-10-31,
3.1657474,34.770832,33.125,2025-11-01,
3.1657474,34.770832,33.125,2025-11-02,
3.1657474,34.770832,33.125,2025-11-03,
3.1657474,34.770832,33.125,2025-11-04,
3.1657474,34.770832,33.125,2025-11-05,
3.1657474,34.770832,33.125,2025-11-06,
3.1657474,34.770832,33.125,2025-11-07,
3.1657474,34.770832,33.125,2025-11-08,
3.1657474,34.770832,33.125,2025-11-09,
3.1657474,34.770832,33.125,2025-11-10,
3.1657474,34.770832,33.166668,2025-10-11,
3.1657474,34.770832,33.166668,2025-10-12,
3.1657474,34.770832,33.166668,2025-10-13,
3.1657474,34.770832,33.166668,2025-10-14,
3.1657474,34.770832,33.166668,2025-10-15,
3.1657474,34.770832,33.166668,2025-10-16,
3.1657474,34.770832,33.166668,2025-10-17,
3.1657474,34.770832,33.166668,2025-10-18,
3.1657474,34.770832,33.166668,2025-10-19,
3.1657474,34.770832,33.166668,2025-10-20,
3.1657474,34.770832,33.166668,2025-10-21,
3.1657474,34.770832,33.166668,2025-10-22,
3.1657474,34.770832,33.166668,2025-10-23,
3.1657474,34.770832,33.166668,2025-10-24,
3.1657474,34.770832,33.166668,2025-10-25,
3.1657474,34.770832,33.166668,2025-10-26,
3.1657474,34.770832,33.166668,2025-10-27,
3.1657474,34.770832,33.166668,2025-10-28,
3.1657474,34.770832,33.166668,2025-10-29,
3.1657474,34.770832,33.166668,2025-10-30,
3.1657474,34.770832,33.166668,2025-10-31,
3.1657474,34.770832,33.166668,2025-11-01,
3.1657474,34.770832,33.166668,2025-11-02,
3.1657474,34.770832,33.166668,2025-11-03,
3.1657474,34.770832,33.166668,2025-11-04,
3.1657474,34.770832,33.166668,2025-11-05,
3.1657474,34.770832,33.166668,2025-11-06,
3.1657474,34.770832,33.166668,2025-11-07,
3.1657474,34.770832,33.166668,2025-11-08,
3.1657474,34.770832,33.166668,2025-11-09,
3.1657474,34.770832,33.166668,2025-11-10,
